Workbook

Sheet Summary
A1: Nexora-BI — Virtual Machine Resource Requirement
A2: OSS911 Makkah 911 Operations Centre · Business Intelligence and Data Warehouse subsystem · issued to the Main Contractor for infrastructure provisioning · Rev B, 5 October 2026
A4: Environment | B4: VMs | C4: vCPU | D4: RAM (GB) | E4: Storage (TB) | F4: Availability | G4: Notes
A5: Production | B5: =SUM('Production VMs'!C5:C17) | C5: =SUMPRODUCT('Production VMs'!$C$5:$C$17,'Production VMs'!D5:D17) | D5: =SUMPRODUCT('Production VMs'!$C$5:$C$17,'Production VMs'!E5:E17) | E5: =SUMPRODUCT('Production VMs'!$C$5:$C$17,'Production VMs'!F5:F17+'Production VMs'!G5:G17)/1024 | F5: Full HA, no single point of failure. At least four physical hosts are required; the floor follows from PL-01, PL-02 and PL-04 | G5: Carries the Clause 1.5.2.9 service levels. 22 VMs in the internal zone and 2 in the DMZ
A6: Test / Integration | B6: =SUM('Test & Training VMs'!C5:C7) | C6: =SUMPRODUCT('Test & Training VMs'!$C$5:$C$7,'Test & Training VMs'!D5:D7) | D6: =SUMPRODUCT('Test & Training VMs'!$C$5:$C$7,'Test & Training VMs'!E5:E7) | E6: =SUMPRODUCT('Test & Training VMs'!$C$5:$C$7,'Test & Training VMs'!F5:F7)/1024 | F6: No HA required | G6: Used for SIT, UAT and release verification
A7: Training | B7: =SUM('Test & Training VMs'!C8:C9) | C7: =SUMPRODUCT('Test & Training VMs'!$C$8:$C$9,'Test & Training VMs'!D8:D9) | D7: =SUMPRODUCT('Test & Training VMs'!$C$8:$C$9,'Test & Training VMs'!E8:E9) | E7: =SUMPRODUCT('Test & Training VMs'!$C$8:$C$9,'Test & Training VMs'!F8:F9)/1024 | F7: No HA required | G7: Role-based training per Clause 1.7
A8: TOTAL | B8: =SUM(B5:B7) | C8: =SUM(C5:C7) | D8: =SUM(D5:D7) | E8: =SUM(E5:E7) | G8: Storage excludes the object-store growth allowance below. 1 TB = 1024 GB throughout
A10: Network zones
A11: Zone | B11: VMs | C11: vCPU | D11: RAM (GB) | E11: Storage (TB) | F11: Scope boundary | G11: Business data at rest
A12: Internal | B12: =SUM('Production VMs'!C5:C16) | C12: =SUMPRODUCT('Production VMs'!$C$5:$C$16,'Production VMs'!D5:D16) | D12: =SUMPRODUCT('Production VMs'!$C$5:$C$16,'Production VMs'!E5:E16) | E12: =SUMPRODUCT('Production VMs'!$C$5:$C$16,'Production VMs'!F5:F16+'Production VMs'!G5:G16)/1024 | F12: Database, application, real-time, ETL, IAM, monitoring, object store and backup. All data processing and all controlled data delivery take place here | G12: Yes
A13: DMZ (internet access) | B13: ='Production VMs'!C17 | C13: ='Production VMs'!C17*'Production VMs'!D17 | D13: ='Production VMs'!C17*'Production VMs'!E17 | E13: ='Production VMs'!C17*('Production VMs'!F17+'Production VMs'!G17)/1024 | F13: Internet access proxy for mobile clients only. The zone, the WAF, DDoS protection, public DNS, TLS certificates and the SMS and e-mail gateways are provided and operated by the Main Contractor; these two VMs are the only components this subsystem places in the zone. Mobile application management (MDM, app distribution, device compliance) is carried by the existing MOI platform and is outside the scope of this subsystem. | G13: None
A15: Object storage sizing — to be confirmed
A16: Scenario | B16: Media per year | C16: 8-year raw | D16: With 1.5x protection | E16: Recommended initial provision
A17: Low (10% of incidents, 3 photos, 2 MB) | B17: 0.84 TB | C17: 6.7 TB | D17: 10.0 TB | E17: 12 TB usable, expandable
A18: High (30% of incidents, 5 photos, 2 MB) | B18: 4.18 TB | C18: 33.4 TB | D18: 50.1 TB | E18: 50 TB usable, expandable
A20: The two scenarios differ by a factor of five. The figure in the VM sheet (OBJ-1..3 at 8192 GB each, 24 TB raw, about 16 TB usable at 1.5x protection) reflects the low scenario and carries headroom above the 12 TB recommendation. Confirmation of the field-media volume from the MDS and E-Assist channels is required before the object-store capacity can be fixed (item D-01); the design allows nodes to be added without service interruption. Procuring for the low scenario where the high scenario applies is not a matter of adding disks alone: expanding a three-node object store means re-planning placement and the backup strategy, so the figure should be settled before procurement rather than during implementation.

Sheet Production VMs
A1: Production Environment — Virtual Machine Inventory
A2: All figures are per-VM. Totals are calculated. Placement, isolation and platform requirements are defined in the "Placement & Isolation" sheet and form part of this specification.
A4: ID | B4: Zone | C4: Qty | D4: vCPU | E4: RAM (GB) | F4: OS disk (GB) | G4: Data disk (GB) | H4: Disk class | I4: CPU/RAM reservation | J4: Notes
A5: PG-PRIMARY | B5: Internal | C5: 1 | D5: 16 | E5: 64 | F5: 100 | G5: 4096 | H5: SSD / NVMe | I5: 100% reserved | J5: Write path. Sub-second response required by Clause 1.6.7.5
A6: PG-STANDBY | B6: Internal | C6: 1 | D6: 16 | E6: 64 | F6: 100 | G6: 4096 | H6: SSD / NVMe | I6: 100% reserved | J6: Zero-data-loss failover target. Sized identically to primary
A7: PG-REPLICA | B7: Internal | C7: 1 | D7: 16 | E7: 96 | F7: 100 | G7: 4096 | H7: SSD / NVMe | I7: 100% reserved | J7: Serves all reporting and dashboard queries; larger cache
A8: ETCD-1..3 | B8: Internal | C8: 3 | D8: 2 | E8: 4 | F8: 60 | G8: 0 | H8: SSD | I8: 100% reserved | J8: Quorum member. Loss of quorum disables automatic failover
A9: LB-1..2 | B9: Internal | C9: 2 | D9: 4 | E9: 8 | F9: 60 | G9: 0 | H9: SSD | I9: Standard | J9: Read/write split and connection pooling
A10: APP-1..2 | B10: Internal | C10: 2 | D10: 8 | E10: 32 | F10: 80 | G10: 200 | H10: SSD | I10: Standard | J10: Browser BI, outbound APIs, PDF/Word generation
A11: RT-1..2 | B11: Internal | C11: 2 | D11: 4 | E11: 16 | F11: 60 | G11: 0 | H11: SSD | I11: Standard | J11: Polls CAD presentation DB and telephony API; pushes to wall and mobile
A12: ETL-1..2 | B12: Internal | C12: 2 | D12: 8 | E12: 32 | F12: 80 | G12: 200 | H12: SSD | I12: Standard | J12: Apache Airflow (api-server, scheduler, dag-processor, triggerer; LocalExecutor; active-active on both VMs), dbt model builds, data ingestion jobs
A13: OBJ-1..3 | B13: Internal | C13: 3 | D13: 8 | E13: 32 | F13: 80 | G13: 8192 | H13: HDD / hybrid | I13: Standard | J13: Field media, E-Assist uploads, AI training exports. See sizing note
A14: IAM-1..2 | B14: Internal | C14: 2 | D14: 4 | E14: 8 | F14: 60 | G14: 0 | H14: SSD | I14: Standard | J14: Federates the MOI AD/LDAP directory
A15: MON-1..2 | B15: Internal | C15: 2 | D15: 4 | E15: 16 | F15: 80 | G15: 500 | H15: SSD | I15: Standard | J15: Availability and replication-lag metrics feeding the Clause 1.5.2.8 report
A16: BKP-1 | B16: Internal | C16: 1 | D16: 4 | E16: 16 | F16: 80 | G16: 8192 | H16: HDD / hybrid | I16: Standard | J16: Full, incremental and WAL archive. Storage independent of the DB tier
A17: PROXY-1..2 | B17: DMZ | C17: 2 | D17: 4 | E17: 8 | F17: 100 | G17: 0 | H17: SSD | I17: Standard | J17: Internet access proxy for mobile clients only: TLS termination and reverse proxy to the internal load balancers. The DMZ zone itself — together with the WAF, DDoS protection, public DNS, TLS certificates and the SMS and e-mail gateways — is provided and operated by the Main Contractor; these two VMs are the only Nexora-BI components hosted in that zone. No business data and no credential store at rest; responses are not cached to disk. Access logs are shipped to MON in real time and retained locally only for the rotation window. See "Placement & Isolation", NW-04.
A18: TOTAL | C18: =SUM(C5:C17) | D18: =SUMPRODUCT($C$5:$C$17,D5:D17) | E18: =SUMPRODUCT($C$5:$C$17,E5:E17) | J18: ="Total raw storage "&TEXT(SUMPRODUCT($C$5:$C$17,F5:F17+G5:G17)/1024,"0.0")&" TB, at 1 TB = 1024 GB"

Sheet Placement & Isolation
A1: Placement, Isolation and Platform Requirements
A2: Virtual-machine sizing on its own does not produce availability; host and storage isolation decide whether the Clause 1.5.2.9 service levels can be met. Each item below requires a written answer on whether it can be satisfied. Where one cannot, the corresponding service-level commitment has to be re-examined — a design change cannot compensate for missing physical isolation.
A4: Ref | B4: Level | C4: Requirement | D4: Applies to
A5: PL-01 | B5: Critical | C5: The three PostgreSQL VMs reside on three different physical hosts. No two may share a host at any time. | D5: PG-PRIMARY, PG-STANDBY, PG-REPLICA
A6: PL-02 | B6: Critical | C6: The three etcd members reside on three different physical hosts. Loss of quorum disables automatic failover. | D6: ETCD-1..3
A7: PL-03 | B7: Critical | C7: Each high-availability pair is spread across at least two physical hosts. | D7: LB, APP, RT, ETL, IAM, MON, PROXY
A8: PL-04 | B8: High | C8: The three object-storage nodes reside on three different physical hosts. | D8: OBJ-1..3
A9: PL-05 | B9: High | C9: The groups above span at least two racks, each with independent power and an independent access switch. | D9: All production VMs
A10: ST-01 | B10: Critical | C10: The data volumes of the primary and the synchronous standby reside on different physical storage: at minimum different controllers and different LUNs. Host anti-affinity alone is not sufficient — if both volumes are carved from one LUN, a storage failure stops the service completely, because the primary waits for an acknowledgement that will never arrive. Acceptance is against the actual LUN and controller mapping, not against an anti-affinity rule. | D10: PG-PRIMARY, PG-STANDBY
A11: ST-02 | B11: Critical | C11: The backup repository resides on media independent of the database data storage. | D11: BKP-1
A12: ST-03 | B12: Critical | C12: Database data volumes are thick-provisioned with guaranteed IOPS; 99th-percentile write latency does not exceed 2 ms. | D12: PG-PRIMARY, PG-STANDBY, PG-REPLICA
A13: RS-01 | B13: Critical | C13: Hosts carrying the database and etcd VMs do not over-commit CPU or memory. Memory is 100% reserved; ballooning and swapping are disabled. | D13: PG, ETCD hosts
A14: RS-02 | B14: High | C14: CPU ready time on those hosts stays below 5%. | D14: PG, ETCD hosts
A15: OP-01 | B15: Critical | C15: Automatic live migration of the database VMs is disabled. Migration is performed as a planned manual operation. | D15: PG VMs
... A22: NW-04 | B22: Critical | C22: The DMZ proxies accept inbound traffic only as forwarded by the platform WAF, and open connections towards the internal zone only on the designated ports. The internal zone does not initiate connections towards the DMZ. WAF, DDoS protection, public DNS and TLS certificates are provided by the platform. | D22: PROXY-1..2

Sheet Test & Training VMs
A1: Test / Integration and Training Environments
A2: Required by Clause 1.6.9. No high-availability requirement; placement rules do not apply. Both environments sit in the internal zone.
A4: Environment | B4: ID | C4: Qty | D4: vCPU | E4: RAM (GB) | F4: Storage (GB) | G4: Notes
A5: Test / Integration | B5: PG-T | C5: 1 | D5: 8 | E5: 32 | F5: 1124 | G5: Subset of production data, masked per the data classification policy
A6: Test / Integration | B6: APP-T | C6: 1 | D6: 8 | E6: 32 | F6: 380 | G6: Single node; used for SIT, performance rehearsal and release verification
A7: Test / Integration | B7: OBJ-T | C7: 1 | D7: 4 | E7: 16 | F7: 2128 | G7: Media pipeline verification
A8: Training | B8: PG-R | C8: 1 | D8: 8 | E8: 32 | F8: 612 | G8: Anonymised training dataset
A9: Training | B9: APP-R | C9: 1 | D9: 8 | E9: 32 | F9: 280 | G9: Role-based training per Clause 1.7
A10: TOTAL | C10: =SUM(C5:C9) | D10: =SUMPRODUCT($C$5:$C$9,D5:D9) | E10: =SUMPRODUCT($C$5:$C$9,E5:E9) | F10: =SUMPRODUCT($C$5:$C$9,F5:F9) | G10: ="Total raw storage "&TEXT(SUMPRODUCT($C$5:$C$9,F5:F9)/1024,"0.0")&" TB"

Sheet Dependencies & Notes
A1: Dependencies, Assumptions and Open Items
A2: Items requiring confirmation by the Main Contractor, the MOI or another supplier before the specification can be fixed.
A4: Ref | B4: Item | C4: Impact if unresolved | D4: Owner
A5: D-01 | B5: Field media volume from the MDS and E-Assist channels — proportion of incidents carrying media, average file count and size, and whether video is included. | C5: Object storage capacity varies by a factor of five between the two scenarios in the Summary sheet. Capacity cannot be fixed without this figure. | D5: MOI / field systems supplier
A6: D-02 | B6: Confirmation that the placement and isolation requirements can be met by the provided virtualisation platform. | C6: The service levels of Clause 1.5.2.9 are achievable only if these requirements are met. Any that cannot be met should be raised now so that the design can be adjusted while it is still inexpensive to do so. | D6: Main Contractor / infrastructure supplier
A7: D-03 | B7: Storage class and guaranteed performance available for the database tier. | C7: If guaranteed IOPS and sub-2 ms write latency are not available, the sizing and possibly the replication mode must be revisited. | D7: Infrastructure supplier
A8: D-04 | B8: Rack, power and switch topology of the data centre. | C8: Determines whether PL-05 can be satisfied and therefore the level of protection against rack-level failure. | D8: Infrastructure supplier
A9: D-05 | B9: NTP source shared with the CAD and telephony platforms. | C9: Without a common clock, event chronology and service-level measurement cannot be reconciled across systems. | D9: Main Contractor
A10: D-06 | B10: Growth allowance and the procedure for adding capacity during the contract. | C10: Structured data grows predictably; media does not. A defined expansion path avoids emergency procurement. | D10: Main Contractor
A11: D-07 | B11: Mobile client population — registered users, peak concurrent sessions, and whether large attachments are downloaded over the mobile path. | C11: The two DMZ proxies are sized for TLS termination on the assumption of a moderate concurrent mobile population. The figure determines whether the pair is sufficient; it does not affect any other VM. | D11: MOI / Main Contractor
A12: D-08 | B12: Platform provision of WAF, DDoS protection, public DNS and TLS certificates for the mobile access path. | C12: These are assumed to be platform-provided and are not included in this specification. If they are expected from this subsystem, both the VM count and the scope have to be revised. The two proxy VMs sit in a zone operated by the Main Contractor, so any later expansion is a request to that party rather than something this subsystem can resolve on its own. | D12: Main Contractor
A14: Scope boundary
A15: Three boundaries apply to this specification. First, the DMZ zone is provided and operated by the Main Contractor, including the WAF, DDoS protection, public DNS, TLS certificates and the SMS and e-mail gateways; this subsystem places only the two access proxies in that zone and requires them to be provisioned there. Second, mobile application management — MDM, application distribution and device compliance — is carried by the existing MOI platform and is outside the scope of this subsystem. Third, the DMZ hosts store no business data and no credential store: credentials are verified by the internal IAM service and the proxies forward requests only.
A19: Note on service-level dependency
A20: The availability and performance commitments made for the business intelligence, reporting and dashboard components assume that the infrastructure is provisioned, operated and maintained in accordance with this specification. Deviations should be agreed in writing so that the corresponding service-level expectations can be adjusted at the same time.
